{
  "IsEncrypted": false,
  "Values": {
    "AzureWebJobsStorage": "UseDevelopmentStorage=true",
    "FUNCTIONS_WORKER_RUNTIME": "node",
    "STORAGE_BLOB_URL": "https://<yourstorage>.blob.core.windows.net",
    "STORAGE_TABLE_URL": "https://<yourstorage>.table.core.windows.net",
    "REFERENCE_TABLE_NAME": "Reference",
    "DRAFTS_CONTAINER": "tickets-draft",
    "COMPLETED_CONTAINER": "tickets-completed",
    "COMPLETED_META_CONTAINER": "tickets-completed-meta",
    "EMAIL_SENDER": "noreply@contoso.com",
    "DEFAULT_EMAIL_RECIPIENTS": "tickets@contoso.com",
    "EMAIL_SUBJECT_PREFIX": "[Ticket] "
  }
}

